"","ID","Description","GeneRatio","BgRatio","pvalue","p.adjust","qvalue","geneID","Count"
"GO:0015979","GO:0015979","photosynthesis","28/242","51/1630",1.28595769505204e-11,4.17936250891914e-09,4.17936250891914e-09,"2607587007/K02092/K02093/K02096/K02097/K02284/K02285/K02290/K02634/K02636/K02690/K02692/K02693/K02698/K02704/K02705/K02709/K02712/K02719/K02720/K02723/K02724/K04035/K05376/K05377/K05378/K05380/K10960",28
