"","ID","Description","GeneRatio","BgRatio","pvalue","p.adjust","qvalue","geneID","Count"
"ko03010","ko03010","Ribosome","24/190","53/917",2.8658373274672e-05,0.00232132823524843,0.00226250315326358,"K02864/K02867/K02871/K02884/K02887/K02888/K02899/K02902/K02911/K02913/K02914/K02916/K02935/K02939/K02945/K02952/K02954/K02959/K02963/K02967/K02986/K02990/K02992/K02996",24
