"","ID","Description","GeneRatio","BgRatio","pvalue","p.adjust","qvalue","geneID","Count"
"ko00196","ko00196","Photosynthesis - antenna proteins","14/148","20/917",7.5486609577314e-08,6.491848423649e-06,6.491848423649e-06,"K02092/K02093/K02094/K02096/K02097/K02284/K02285/K02288/K02289/K02290/K05376/K05377/K05378/K05383",14
"ko00195","ko00195","Photosynthesis","19/148","48/917",5.07191477025497e-05,0.00218092335120964,0.00218092335120964,"K02634/K02636/K02643/K02690/K02692/K02693/K02698/K02700/K02704/K02705/K02708/K02709/K02710/K02712/K02716/K02719/K02720/K02723/K08906",19
