"","ID","Description","GeneRatio","BgRatio","pvalue","p.adjust","qvalue","geneID","Count"
"GO:0030089","GO:0030089","phycobilisome","11/156","16/1033",1.49160182511887e-06,8.50213040317753e-05,8.32156807697893e-05,"K02092/K02093/K02096/K02097/K02284/K02285/K02290/K05376/K05377/K05378/K05380",11
"GO:0009523","GO:0009523","photosystem II","9/156","18/1033",0.000469952574025101,0.0133936483597154,0.0131092033807002,"2607587007/K02704/K02705/K02709/K02712/K02719/K02720/K02723/K02724",9
