"","ID","Description","GeneRatio","BgRatio","pvalue","p.adjust","qvalue","geneID","Count"
"GO:0003735","GO:0003735","structural constituent of ribosome","25/251","55/1180",3.34741970023329e-05,0.00542281991437793,0.00507398354561678,"K02864/K02867/K02871/K02884/K02887/K02888/K02899/K02902/K02911/K02913/K02914/K02916/K02935/K02939/K02945/K02952/K02954/K02959/K02963/K02967/K02986/K02990/K02992/K02996/K19032",25
"GO:0005198","GO:0005198","structural molecule activity","18/251","38/1180",0.000240429693705642,0.019474805190157,0.0182220399440066,"K02864/K02867/K02871/K02884/K02887/K02888/K02899/K02902/K02916/K02945/K02954/K02959/K02963/K02967/K02986/K02990/K02992/K02996",18
