"","ID","Description","GeneRatio","BgRatio","pvalue","p.adjust","qvalue","geneID","Count"
"GO:0015979","GO:0015979","photosynthesis","30/164","47/1076",7.84199570310463e-15,2.32123072811897e-12,2.32123072811897e-12,"K02092/K02093/K02094/K02096/K02097/K02284/K02285/K02290/K02634/K02636/K02643/K02690/K02692/K02693/K02698/K02700/K02704/K02705/K02708/K02709/K02710/K02712/K02719/K02720/K02723/K04035/K05376/K05377/K05378/K10960",30
