"","ID","Description","GeneRatio","BgRatio","pvalue","p.adjust","qvalue","geneID","Count"
"GO:0030089","GO:0030089","phycobilisome","13/145","16/1033",1.94141611068853e-09,1.35899127748197e-07,1.34877329795203e-07,"2607589644/K02092/K02093/K02094/K02096/K02097/K02284/K02285/K02641/K05376/K05377/K05378/K05380",13
