"","ID","Description","GeneRatio","BgRatio","pvalue","p.adjust","qvalue","geneID","Count"
"GO:0003735","GO:0003735","structural constituent of ribosome","27/334","55/2107",5.19209291555958e-09,9.19789447288288e-07,8.19639719109585e-07,"K02863/K02864/K02867/K02871/K02874/K02876/K02878/K02886/K02887/K02890/K02895/K02906/K02913/K02916/K02926/K02931/K02935/K02945/K02946/K02950/K02952/K02963/K02967/K02982/K02986/K02988/K02992",27
"GO:0005198","GO:0005198","structural molecule activity","22/334","40/2107",9.73322166442632e-09,9.19789447288288e-07,8.19639719109585e-07,"2607587037/K02864/K02867/K02871/K02874/K02876/K02878/K02886/K02887/K02890/K02906/K02916/K02926/K02931/K02945/K02946/K02950/K02963/K02967/K02982/K02986/K02992",22
"GO:0019843","GO:0019843","rRNA binding","19/334","35/2107",1.39305978799722e-07,8.77627666438248e-06,7.82068652910719e-06,"K02863/K02867/K02874/K02876/K02878/K02886/K02887/K02890/K02895/K02906/K02926/K02931/K02950/K02952/K02963/K02982/K02986/K02992/K03595",19
"GO:0003723","GO:0003723","RNA binding","31/334","84/2107",1.2997609340333e-06,6.14137041330734e-05,5.47267761698232e-05,"2607585127/2607588784/K00962/K01147/K01866/K01892/K02357/K02519/K02520/K02863/K02867/K02871/K02874/K02878/K02886/K02895/K02931/K02945/K02946/K02952/K02963/K02982/K02986/K02988/K02992/K03218/K03437/K03595/K04567/K05592/K12574",31
"GO:0005488","GO:0005488","binding","55/334","227/2107",0.000335891032220707,0.0126966810179427,0.0113142242432238,"2607586187/2607587719/2607588051/2607588136/2607588937/2607589138/2607589310/K00075/K00281/K01012/K01495/K01892/K02357/K02469/K02470/K02495/K02519/K02520/K02867/K02871/K02874/K02878/K02886/K02931/K02945/K02963/K02986/K02992/K03076/K03110/K03217/K03437/K03495/K03530/K03544/K03547/K03587/K03594/K03595/K03596/K04043/K04077/K04078/K04079/K04083/K04567/K04652/K05516/K05575/K05592/K06997/K10697/K13038/K14441/K23504",55
