"","ID","Description","GeneRatio","BgRatio","pvalue","p.adjust","qvalue","geneID","Count"
"ko03010","ko03010","Ribosome","27/151","53/917",1.91435515287399e-09,1.49319701924171e-07,1.49319701924171e-07,"K02863/K02864/K02867/K02871/K02874/K02878/K02886/K02887/K02890/K02895/K02906/K02911/K02913/K02916/K02926/K02931/K02935/K02945/K02946/K02950/K02952/K02963/K02967/K02982/K02986/K02988/K02992",27
