"","ID","Description","GeneRatio","BgRatio","pvalue","p.adjust","qvalue","geneID","Count"
"GO:0005506","GO:0005506","iron ion binding","10/143","23/1180",0.000142875583585838,0.0165735676959572,0.0165735676959572,"K02634/K02720/K03526/K04035/K07336/K08906/K08967/K22074/K24392/K25706",10
