"","ID","Description","GeneRatio","BgRatio","pvalue","p.adjust","qvalue","geneID","Count"
"GO:0015979","GO:0015979","photosynthesis","28/210","51/1630",3.09950836165258e-13,1.06933038477014e-10,1.06933038477014e-10,"2607587007/2607589644/K02092/K02093/K02094/K02096/K02097/K02284/K02285/K02634/K02689/K02690/K02692/K02693/K02704/K02709/K02712/K02719/K02720/K02723/K02724/K04035/K04039/K05376/K05377/K05378/K05380/K10960",28
