"","ID","Description","GeneRatio","BgRatio","pvalue","p.adjust","qvalue","geneID","Count"
"ko03010","ko03010","Ribosome","8/33","53/917",0.000330510314757152,0.0112373507017432,0.0111329790233988,"K02864/K02886/K02897/K02906/K02933/K02948/K02982/K02994",8
