"","ID","Description","GeneRatio","BgRatio","pvalue","p.adjust","qvalue","geneID","Count"
"GO:0015934","GO:0015934","large ribosomal subunit","4/24","22/1033",0.00124244459057865,0.032303559355045,0.0235410554004377,"K02879/K02886/K02906/K02933",4
"GO:0022626","GO:0022626","cytosolic ribosome","4/24","29/1033",0.00361402811023465,0.0393759403446414,0.0286950172552043,"K02879/K02906/K02933/K02994",4
"GO:0005840","GO:0005840","ribosome","5/24","53/1033",0.00592772928965059,0.0393759403446414,0.0286950172552043,"K02879/K02886/K02906/K02933/K02994",5
"GO:0022625","GO:0022625","cytosolic large ribosomal subunit","3/24","17/1033",0.00605783697609868,0.0393759403446414,0.0286950172552043,"K02879/K02906/K02933",3
"GO:0044391","GO:0044391","ribosomal subunit","4/24","37/1033",0.0088624369778489,0.0460846722848143,0.0335839717055327,"K02879/K02906/K02933/K02994",4
