"","ID","Description","GeneRatio","BgRatio","pvalue","p.adjust","qvalue","geneID","Count"
"GO:0005198","GO:0005198","structural molecule activity","6/37","40/2107",4.79290499733562e-05,0.00359467874800171,0.00353161420856309,"K02879/K02886/K02906/K02933/K02994/K23262",6
