"","ID","Description","GeneRatio","BgRatio","pvalue","p.adjust","qvalue","geneID","Count"
"ko03010","ko03010","Ribosome","37/107","53/917",2.13334536177829e-25,1.17333994897806e-23,1.17333994897806e-23,"K02863/K02864/K02867/K02871/K02874/K02876/K02878/K02879/K02881/K02886/K02887/K02888/K02890/K02892/K02895/K02897/K02899/K02904/K02906/K02913/K02916/K02919/K02926/K02931/K02933/K02935/K02946/K02948/K02950/K02952/K02965/K02967/K02982/K02988/K02992/K02994/K02996",37
