"","ID","Description","GeneRatio","BgRatio","pvalue","p.adjust","qvalue","geneID","Count"
"GO:0009399","GO:0009399","nitrogen fixation","6/20","8/1076",4.99190395356895e-10,3.74392796517671e-08,3.74392796517671e-08,"K02586/K02588/K02591/K02593/K02595/K02596",6
