"","ID","Description","GeneRatio","BgRatio","pvalue","p.adjust","qvalue","geneID","Count"
"GO:0016163","GO:0016163","nitrogenase activity","3/31","5/2107",2.83005121868418e-05,0.00198103585307893,0.00178740076969527,"K02586/K02588/K02591",3
"GO:0051536","GO:0051536","iron-sulfur cluster binding","5/31","47/2107",0.000489309182096819,0.0142285160124051,0.0128377588081851,"K02585/K02586/K02591/K13819/K23548",5
"GO:0046872","GO:0046872","metal ion binding","7/31","105/2107",0.000609793543388791,0.0142285160124051,0.0128377588081851,"K02585/K02586/K02588/K02591/K04651/K13819/K17686",7
