"","ID","Description","GeneRatio","BgRatio","pvalue","p.adjust","qvalue","geneID","Count"
"map00625","map00625","Chloroalkane and chloroalkene degradation","3/15","43/13565",1.31466262500135e-05,0.000407545413750418,0.000249093971052887,"K02586/K02588/K02591",3
"map00910","map00910","Nitrogen metabolism","3/15","68/13565",5.25082359969256e-05,0.000813877657952347,0.000497446446286664,"K02586/K02588/K02591",3
