"","ID","Description","GeneRatio","BgRatio","pvalue","p.adjust","qvalue","geneID","Count"
"GO:0140640","GO:0140640","catalytic activity, acting on a nucleic acid","19/221","74/2107",0.000126416651841904,0.0218700807686493,0.0186298223767016,"2607586187/2607588300/K00962/K01147/K01866/K01885/K01889/K01892/K02237/K02316/K02469/K02470/K03043/K03046/K03218/K03547/K04066/K04567/K05592",19
"GO:0016163","GO:0016163","nitrogenase activity","4/221","5/2107",0.000541811015872907,0.0286713344873707,0.0244234063172004,"K02586/K02587/K02588/K02591",4
"GO:0017111","GO:0017111","ribonucleoside triphosphate phosphatase activity","16/221","64/2107",0.00060906157951782,0.0286713344873707,0.0244234063172004,"2607586187/2607587041/2607588300/2607588597/2607589654/K02469/K02470/K03110/K03695/K03798/K04043/K04066/K04079/K04652/K05592/K17686",16
"GO:0016462","GO:0016462","pyrophosphatase activity","17/221","73/2107",0.000994381542914589,0.0286713344873707,0.0244234063172004,"2607586187/2607587041/2607588300/2607588597/2607589654/K02469/K02470/K03110/K03695/K03787/K03798/K04043/K04066/K04079/K04652/K05592/K17686",17
"GO:0016817","GO:0016817","hydrolase activity, acting on acid anhydrides","17/221","73/2107",0.000994381542914589,0.0286713344873707,0.0244234063172004,"2607586187/2607587041/2607588300/2607588597/2607589654/K02469/K02470/K03110/K03695/K03787/K03798/K04043/K04066/K04079/K04652/K05592/K17686",17
"GO:0016818","GO:0016818","hydrolase activity, acting on acid anhydrides, in phosphorus-containing anhydrides","17/221","73/2107",0.000994381542914589,0.0286713344873707,0.0244234063172004,"2607586187/2607587041/2607588300/2607588597/2607589654/K02469/K02470/K03110/K03695/K03787/K03798/K04043/K04066/K04079/K04652/K05592/K17686",17
"GO:0140657","GO:0140657","ATP-dependent activity","14/221","57/2107",0.00161476966166592,0.039907878781172,0.0339951507719141,"2607586187/2607587041/2607588300/2607588597/2607589654/K02469/K02470/K03695/K03798/K04043/K04066/K04079/K05592/K17686",14
"GO:0140098","GO:0140098","catalytic activity, acting on RNA","13/221","52/2107",0.00199046164932689,0.040795901058411,0.0347516041872683,"K00962/K01147/K01866/K01885/K01889/K01892/K02237/K02316/K03043/K03046/K03218/K04567/K05592",13
"GO:0050661","GO:0050661","NADP binding","7/221","19/2107",0.00212233011286531,0.040795901058411,0.0347516041872683,"2607588601/K00003/K00020/K00036/K00133/K00485/K18277",7
