"","ID","Description","GeneRatio","BgRatio","pvalue","p.adjust","qvalue","geneID","Count"
"GO:0009399","GO:0009399","nitrogen fixation","6/29","9/1630",1.49032741965246e-09,1.62445688742118e-07,1.52170273375041e-07,"K02586/K02588/K02591/K02593/K02595/K02596",6
"GO:0031412","GO:0031412","gas vesicle organization","3/29","5/1630",4.95091238055903e-05,0.00269824724740467,0.00252757105744329,"2607587038/2607587043/2607587044",3
