"","ID","Description","GeneRatio","BgRatio","pvalue","p.adjust","qvalue","geneID","Count"
"GO:0009399","GO:0009399","nitrogen fixation","6/78","9/1630",7.44230965304657e-07,0.000145869269199713,0.000144929187980381,"K02586/K02588/K02591/K02593/K02595/K02596",6
