"","ID","Description","GeneRatio","BgRatio","pvalue","p.adjust","qvalue","geneID","Count"
"GO:0009399","GO:0009399","nitrogen fixation","6/52","8/1076",2.48780368260759e-07,3.4082910451724e-05,3.35198811972392e-05,"K02586/K02588/K02591/K02593/K02595/K02596",6
