"","ID","Description","GeneRatio","BgRatio","pvalue","p.adjust","qvalue","geneID","Count"
"GO:0015979","GO:0015979","photosynthesis","25/278","51/1630",8.40530135647707e-08,2.83258655713277e-05,2.83125940428702e-05,"2607585158/2607589644/K02092/K02093/K02094/K02096/K02097/K02284/K02285/K02290/K02634/K02636/K02693/K02698/K02704/K02705/K02709/K04035/K04039/K05376/K05377/K05378/K05380/K08903/K10960",25
"GO:0015995","GO:0015995","chlorophyll biosynthetic process","10/278","12/1630",8.66007708818173e-07,0.000145922298935862,0.000145853929906219,"K01845/K02492/K03403/K03404/K03428/K04035/K04037/K04038/K04039/K10960",10
"GO:0007154","GO:0007154","cell communication","12/278","21/1630",3.32558089341363e-05,0.00373573587026798,0.0037339855645346,"2607584698/2607585239/2607585241/2607585309/2607586431/2607586562/2607586578/2607588721/2607589317/K01406/K03797/K09969",12
