"","ID","Description","GeneRatio","BgRatio","pvalue","p.adjust","qvalue","geneID","Count"
"GO:0003723","GO:0003723","RNA binding","30/371","84/2107",3.87874050128079e-05,0.00740839435744631,0.00706339059706923,"2607588784/2607588996/K00962/K00986/K01147/K01866/K01892/K02356/K02518/K02519/K02520/K02533/K02863/K02867/K02871/K02888/K02945/K02946/K02952/K02963/K02968/K02992/K03216/K03437/K03625/K05592/K06173/K06346/K06960/K07566",30
