"","ID","Description","GeneRatio","BgRatio","pvalue","p.adjust","qvalue","geneID","Count"
"GO:0051536","GO:0051536","iron-sulfur cluster binding","21/448","47/2107",0.000232064229674615,0.0307488255126075,0.0273999435260859,"2607588937/2607589203/2607589204/2607589862/K00366/K00392/K01012/K01682/K02585/K02586/K02591/K03593/K04034/K06168/K06941/K11473/K11781/K13628/K13819/K22705/K23548",21
"GO:0000166","GO:0000166","nucleotide binding","34/448","92/2107",0.000304443816956509,0.0307488255126075,0.0273999435260859,"2607586573/2607587034/2607587038/2607588451/2607589654/2607589853/K00033/K00134/K00382/K00383/K00927/K01495/K01669/K01869/K01870/K01872/K01873/K01875/K01879/K01881/K01885/K01889/K01893/K02111/K02469/K03070/K03495/K03654/K03787/K04043/K04077/K04567/K08678/K17686",34
