"","ID","Description","GeneRatio","BgRatio","pvalue","p.adjust","qvalue","geneID","Count"
"GO:0005622","GO:0005622","intracellular anatomical structure","95/157","366/759",0.000368097335243166,0.019877256103131,0.0166612478057433,"K00033/K00036/K00053/K00281/K00383/K00600/K00615/K00616/K00688/K00700/K00789/K00835/K00855/K00873/K00962/K01251/K01495/K01595/K01620/K01624/K01647/K01682/K01695/K01696/K01698/K01733/K01738/K01749/K01790/K01869/K01870/K01872/K01873/K01879/K01881/K01890/K01893/K01895/K01915/K01940/K01951/K01956/K01972/K02112/K02259/K02316/K02357/K02358/K02469/K02503/K02706/K02835/K02878/K02884/K02890/K02935/K02939/K02954/K02959/K02961/K02986/K02990/K03070/K03431/K03553/K03555/K03564/K03635/K03695/K03696/K03750/K03798/K04034/K04043/K04077/K04567/K05592/K06207/K07393/K08678/K08964/K09022/K09458/K09747/K11329/K12573/K13628/K13819/K14652/K15633/K20024/K22705/K23504/K24157/K24158",95
"GO:0005737","GO:0005737","cytoplasm","102/157","413/759",0.00180234914109037,0.0486634268094401,0.0407900068773085,"K00033/K00036/K00053/K00254/K00281/K00383/K00600/K00615/K00616/K00688/K00700/K00789/K00835/K00855/K00873/K00962/K01251/K01428/K01495/K01595/K01620/K01624/K01647/K01682/K01695/K01696/K01698/K01733/K01738/K01749/K01772/K01790/K01869/K01870/K01872/K01873/K01879/K01881/K01890/K01893/K01895/K01915/K01928/K01940/K01951/K01956/K02112/K02259/K02316/K02357/K02358/K02469/K02503/K02706/K02835/K02878/K02884/K02890/K02926/K02935/K02939/K02954/K02959/K02961/K02990/K03070/K03431/K03553/K03555/K03564/K03635/K03695/K03696/K03750/K03787/K03798/K04034/K04043/K04077/K04078/K04567/K05592/K06168/K06207/K06941/K07393/K08296/K08678/K08964/K09022/K09458/K09747/K11329/K12573/K13628/K13819/K14652/K15633/K22705/K23504/K24157/K24158",102
