"","ID","Description","GeneRatio","BgRatio","pvalue","p.adjust","qvalue","geneID","Count"
"GO:0005622","GO:0005622","intracellular anatomical structure","140/247","473/1033",5.63891276112753e-05,0.00422918457084565,0.00422918457084565,"2607585016/2607585080/2607585101/2607585127/2607585250/2607585581/2607585597/2607585655/2607585780/2607586193/2607586290/2607586573/2607586596/2607586693/2607587924/2607587965/2607588177/2607588228/2607588569/2607588784/2607588793/2607588937/2607589203/2607589310/2607589451/2607589464/2607589654/K00033/K00036/K00053/K00281/K00382/K00383/K00600/K00605/K00613/K00615/K00616/K00688/K00700/K00789/K00799/K00835/K00855/K00864/K00873/K00927/K00962/K01251/K01256/K01465/K01495/K01595/K01620/K01647/K01682/K01689/K01695/K01696/K01698/K01733/K01734/K01738/K01749/K01790/K01869/K01870/K01872/K01873/K01879/K01881/K01885/K01889/K01890/K01892/K01893/K01895/K01915/K01940/K01950/K01951/K01956/K01972/K02112/K02316/K02357/K02358/K02469/K02503/K02600/K02706/K02835/K02884/K02890/K02935/K02939/K02954/K02959/K02986/K02990/K03431/K03553/K03555/K03564/K03635/K03654/K03695/K03696/K03707/K03750/K03798/K04034/K04043/K04077/K04567/K05516/K05592/K06207/K06980/K07305/K07393/K07447/K08678/K08964/K09022/K09458/K09747/K11329/K12573/K13628/K13819/K14652/K15633/K15982/K19360/K20024/K22705/K23504/K24157/K24158",140
