"","ID","Description","GeneRatio","BgRatio","pvalue","p.adjust","qvalue","geneID","Count"
"ko00195","ko00195","Photosynthesis","22/132","48/917",6.25385461898948e-08,4.12754404853306e-06,4.12754404853306e-06,"K02108/K02109/K02113/K02115/K02634/K02635/K02636/K02689/K02690/K02694/K02696/K02697/K02700/K02708/K02710/K02712/K02713/K02718/K02719/K02720/K02723/K08906",22
