"","ID","Description","GeneRatio","BgRatio","pvalue","p.adjust","qvalue","geneID","Count"
"ko00970","ko00970","Aminoacyl-tRNA biosynthesis","9/81","24/917",9.23696081994137e-05,0.00637350296575954,0.00637350296575954,"K01869/K01870/K01872/K01875/K01879/K01890/K01893/K02434/K04567",9
