"","ID","Description","GeneRatio","BgRatio","pvalue","p.adjust","qvalue","geneID","Count"
"GO:0015995","GO:0015995","chlorophyll biosynthetic process","7/88","11/1076",4.90116007454836e-06,0.00107825521640064,0.000990550246645563,"K03403/K03404/K04035/K04037/K04038/K04039/K10960",7
"GO:0006520","GO:0006520","cellular amino acid metabolic process","19/88","89/1076",3.61335317546365e-05,0.00397468849301002,0.00365138847204748,"K00053/K00600/K00835/K01620/K01695/K01696/K01738/K01869/K01870/K01872/K01890/K01893/K01940/K01956/K02434/K04567/K10206/K13821/K25570",19
