"","ID","Description","GeneRatio","BgRatio","pvalue","p.adjust","qvalue","geneID","Count"
"GO:0015995","GO:0015995","chlorophyll biosynthetic process","8/143","12/1630",1.06481191924111e-06,0.000306665832741439,0.000284697081565517,"K03403/K03404/K03428/K04035/K04037/K04038/K04039/K10960",8
"GO:0006520","GO:0006520","cellular amino acid metabolic process","23/143","105/1630",1.5821074938268e-05,0.00227823479111059,0.00211502791280004,"2607589124/K00053/K00600/K00609/K00835/K01620/K01695/K01696/K01738/K01869/K01870/K01872/K01889/K01890/K01893/K01940/K01956/K02434/K04567/K08964/K10206/K13821/K25570",23
"GO:0007154","GO:0007154","cell communication","8/143","21/1630",0.000219815422772766,0.0211022805861855,0.019590567503257,"2607585309/2607586431/2607586562/2607586578/2607588721/2607589317/K01406/K03797",8
"GO:0006082","GO:0006082","organic acid metabolic process","24/143","142/1630",0.000803374778280503,0.0385619893574642,0.0357995076637277,"2607586650/2607586797/2607589124/K00053/K00600/K00835/K00927/K01620/K01695/K01696/K01738/K01869/K01870/K01872/K01889/K01890/K01893/K01940/K01956/K02434/K04567/K08964/K10206/K13821",24
"GO:0019752","GO:0019752","carboxylic acid metabolic process","24/143","142/1630",0.000803374778280503,0.0385619893574642,0.0357995076637277,"2607586650/2607586797/2607589124/K00053/K00600/K00835/K00927/K01620/K01695/K01696/K01738/K01869/K01870/K01872/K01889/K01890/K01893/K01940/K01956/K02434/K04567/K08964/K10206/K13821",24
"GO:0043436","GO:0043436","oxoacid metabolic process","24/143","142/1630",0.000803374778280503,0.0385619893574642,0.0357995076637277,"2607586650/2607586797/2607589124/K00053/K00600/K00835/K00927/K01620/K01695/K01696/K01738/K01869/K01870/K01872/K01889/K01890/K01893/K01940/K01956/K02434/K04567/K08964/K10206/K13821",24
