"","ID","Description","GeneRatio","BgRatio","pvalue","p.adjust","qvalue","geneID","Count"
"ko01120","ko01120","Microbial metabolism in diverse environments","42/198","117/917",9.74564136426396e-05,0.00857616440055228,0.00769392739283997,"K00003/K00033/K00036/K00104/K00134/K00161/K00284/K00366/K00367/K00392/K00600/K00615/K00616/K00821/K00845/K00855/K00873/K01057/K01082/K01428/K01586/K01595/K01601/K01620/K01623/K01624/K01647/K01682/K01698/K01733/K01738/K01749/K01792/K01895/K01915/K02586/K02588/K02591/K11781/K15633/K23548/K23549",42
