"","ID","Description","GeneRatio","BgRatio","pvalue","p.adjust","qvalue","geneID","Count"
"GO:0031676","GO:0031676","plasma membrane-derived thylakoid membrane","12/69","48/759",0.000611932317810066,0.0312085482083133,0.0296304069676453,"K02108/K02109/K02115/K02635/K02689/K02690/K02697/K02708/K02713/K02718/K05574/K05581",12
