"","ID","Description","GeneRatio","BgRatio","pvalue","p.adjust","qvalue","geneID","Count"
"GO:0031676","GO:0031676","plasma membrane-derived thylakoid membrane","21/206","54/1033",0.000749733063471124,0.0464834499352097,0.0457731765066581,"2607587007/K02108/K02109/K02113/K02114/K02115/K02634/K02635/K02636/K02689/K02690/K02697/K02711/K02712/K02713/K02719/K02720/K02723/K05574/K05581/K07399",21
