"","ID","Description","GeneRatio","BgRatio","pvalue","p.adjust","qvalue","geneID","Count"
"ko00195","ko00195","Photosynthesis","13/68","48/917",1.61339994881269e-05,0.000709895977477584,0.000709895977477584,"K02108/K02109/K02113/K02115/K02635/K02689/K02690/K02694/K02696/K02697/K02708/K02713/K02718",13
