"","ID","Description","GeneRatio","BgRatio","pvalue","p.adjust","qvalue","geneID","Count"
"GO:0005198","GO:0005198","structural molecule activity","8/37","38/1180",1.0593207516152e-05,0.0007944905637114,0.000769401388015251,"K02864/K02886/K02906/K02933/K02948/K02982/K02994/K23262",8
"GO:0003735","GO:0003735","structural constituent of ribosome","8/37","55/1180",0.000179498601560251,0.00673119755850943,0.00651863342508282,"K02864/K02886/K02897/K02906/K02933/K02948/K02982/K02994",8
