"","ID","Description","GeneRatio","BgRatio","pvalue","p.adjust","qvalue","geneID","Count"
"ko00625","ko00625","Chloroalkane and chloroalkene degradation","3/15","5/917",3.4824156198193e-05,0.00094025221735121,0.000879768156585928,"K02586/K02588/K02591",3
"ko00910","ko00910","Nitrogen metabolism","3/15","10/917",0.000397700393548706,0.00536895531290753,0.00502358391850997,"K02586/K02588/K02591",3
"ko01120","ko01120","Microbial metabolism in diverse environments","7/15","117/917",0.001238366228973,0.011145296060757,0.0104283471913516,"K00036/K00640/K00845/K02586/K02588/K02591/K23548",7
