"","ID","Description","GeneRatio","BgRatio","pvalue","p.adjust","qvalue","geneID","Count"
"ko00625","ko00625","Chloroalkane and chloroalkene degradation","4/42","5/917",1.84836951126651e-05,0.00109053801164724,0.001031195622075,"K00128/K02586/K02588/K02591",4
"ko01120","ko01120","Microbial metabolism in diverse environments","13/42","117/917",0.00123001316243777,0.0362853882919141,0.0343108934785272,"K00036/K00128/K00239/K00640/K00845/K01057/K01428/K01623/K01807/K02586/K02588/K02591/K23548",13
