"","ID","Description","GeneRatio","BgRatio","pvalue","p.adjust","qvalue","geneID","Count"
"GO:0015979","GO:0015979","photosynthesis","31/152","47/1076",5.72597849688907e-17,1.82086116201072e-14,1.82086116201072e-14,"K02092/K02093/K02094/K02096/K02097/K02284/K02285/K02290/K02634/K02636/K02643/K02689/K02690/K02692/K02693/K02698/K02700/K02704/K02709/K02710/K02712/K02719/K02720/K02723/K04035/K04039/K05376/K05377/K05378/K05380/K10960",31
