"","ID","Description","GeneRatio","BgRatio","pvalue","p.adjust","qvalue","geneID","Count"
"ko00195","ko00195","Photosynthesis","22/140","48/917",1.97853656593467e-07,1.5234731557697e-05,1.5234731557697e-05,"K02110/K02112/K02115/K02634/K02636/K02643/K02689/K02690/K02692/K02693/K02698/K02700/K02704/K02709/K02710/K02712/K02716/K02719/K02720/K02723/K08902/K08906",22
"ko00196","ko00196","Photosynthesis - antenna proteins","12/140","20/917",4.36474686203022e-06,0.000168042754188163,0.000168042754188163,"K02092/K02093/K02094/K02096/K02097/K02284/K02285/K02290/K05376/K05377/K05378/K05380",12
