"","ID","Description","GeneRatio","BgRatio","pvalue","p.adjust","qvalue","geneID","Count"
"GO:0009399","GO:0009399","nitrogen fixation","8/189","9/1630",2.31916710709917e-07,7.83878482199518e-05,7.61663302542042e-05,"K02586/K02587/K02588/K02591/K02593/K02595/K02596/K02597",8
"GO:0031412","GO:0031412","gas vesicle organization","5/189","5/1630",1.9992851910761e-05,0.00337879197291862,0.00328303673481971,"2607587034/2607587037/2607587038/2607587043/2607587044",5
