"","ID","Description","GeneRatio","BgRatio","pvalue","p.adjust","qvalue","geneID","Count"
"GO:0051536","GO:0051536","iron-sulfur cluster binding","7/60","29/1180",0.000399499744137855,0.0347564777399934,0.0340626097633329,"K02585/K02586/K02591/K04068/K13819/K22074/K23548",7
