"","ID","Description","GeneRatio","BgRatio","pvalue","p.adjust","qvalue","geneID","Count"
"GO:0006412","GO:0006412","translation","37/128","92/1630",1.76367638948822e-19,5.13229829341072e-17,4.86403383206225e-17,"K01881/K02433/K02863/K02864/K02867/K02871/K02874/K02876/K02878/K02879/K02881/K02886/K02887/K02888/K02890/K02892/K02895/K02899/K02904/K02906/K02913/K02916/K02926/K02931/K02933/K02935/K02950/K02952/K02961/K02965/K02967/K02982/K02988/K02992/K02994/K02996/K03076",37
"GO:0006414","GO:0006414","translational elongation","14/128","53/1630",2.86204693499393e-05,0.00358329479546127,0.00339599651441798,"K01881/K02355/K02356/K02864/K02867/K02871/K02878/K02886/K02895/K02933/K02950/K02967/K02992/K03076",14
"GO:0043604","GO:0043604","amide biosynthetic process","15/128","61/1630",3.69411834583636e-05,0.00358329479546127,0.00339599651441798,"K00162/K00652/K01012/K01881/K02864/K02867/K02871/K02878/K02886/K02895/K02933/K02950/K02967/K02992/K03076",15
"GO:0043603","GO:0043603","cellular amide metabolic process","16/128","72/1630",7.68475844833391e-05,0.00559066177116292,0.00529843871964075,"K00162/K00652/K01012/K01788/K01881/K02864/K02867/K02871/K02878/K02886/K02895/K02933/K02950/K02967/K02992/K03076",16
"GO:0043043","GO:0043043","peptide biosynthetic process","13/128","53/1630",0.000130831121937672,0.00761437129677253,0.00721636925214108,"K01881/K02356/K02864/K02867/K02871/K02878/K02886/K02895/K02933/K02950/K02967/K02992/K03076",13
