"","ID","Description","GeneRatio","BgRatio","pvalue","p.adjust","qvalue","geneID","Count"
"GO:0003735","GO:0003735","structural constituent of ribosome","34/153","55/2107",1.16799034307314e-26,1.61182667344093e-24,1.51224012839995e-24,"K02863/K02864/K02867/K02871/K02874/K02876/K02878/K02879/K02881/K02886/K02887/K02888/K02890/K02892/K02895/K02899/K02904/K02906/K02913/K02916/K02926/K02931/K02933/K02935/K02950/K02952/K02961/K02965/K02967/K02982/K02988/K02992/K02994/K02996",34
"GO:0005198","GO:0005198","structural molecule activity","28/153","40/2107",3.00662039275569e-24,2.07456807100143e-22,1.94639109636289e-22,"2607587037/K02864/K02867/K02871/K02874/K02876/K02878/K02879/K02886/K02887/K02888/K02890/K02892/K02899/K02906/K02916/K02926/K02931/K02933/K02950/K02961/K02965/K02967/K02982/K02992/K02994/K02996/K23262",28
"GO:0019843","GO:0019843","rRNA binding","24/153","35/2107",1.66657790423842e-20,7.66625835949674e-19,7.19259937618688e-19,"K02518/K02863/K02867/K02874/K02876/K02878/K02881/K02886/K02887/K02888/K02890/K02892/K02895/K02906/K02926/K02931/K02933/K02950/K02952/K02961/K02965/K02982/K02992/K02994",24
"GO:0003723","GO:0003723","RNA binding","23/153","84/2107",7.11177737610703e-09,2.45356319475692e-07,2.30197004542412e-07,"2607589541/2607589542/K01866/K02356/K02518/K02863/K02867/K02871/K02874/K02878/K02881/K02886/K02888/K02895/K02931/K02952/K02965/K02982/K02988/K02992/K02996/K06173/K06178",23
