"","ID","Description","GeneRatio","BgRatio","pvalue","p.adjust","qvalue","geneID","Count"
"map03010","map03010","Ribosome","34/98","143/13565",1.33077292712298e-43,7.85156027002557e-42,6.44374259449021e-42,"K02863/K02864/K02867/K02871/K02874/K02876/K02878/K02879/K02881/K02886/K02887/K02888/K02890/K02892/K02895/K02899/K02904/K02906/K02913/K02916/K02926/K02931/K02933/K02935/K02950/K02952/K02961/K02965/K02967/K02982/K02988/K02992/K02994/K02996",34
"map01240","map01240","Biosynthesis of cofactors","14/98","375/13565",4.74218149123673e-07,1.39894353991484e-05,1.14810709787837e-05,"K00208/K00228/K00652/K01012/K01495/K01591/K01661/K01756/K02224/K03147/K06042/K09903/K11754/K23095",14
"map00195","map00195","Photosynthesis","5/98","63/13565",8.95951021096188e-05,0.00176203700815584,0.00144609638492718,"K02108/K02635/K02636/K02698/K02705",5
"map01232","map01232","Nucleotide metabolism","6/98","123/13565",0.000262189900188763,0.00386730102778426,0.00317387773912713,"K00524/K00856/K01493/K01756/K05810/K09903",6
"map00780","map00780","Biotin metabolism","3/98","24/13565",0.000662854843105405,0.00782168714864378,0.00641922584902076,"K00208/K00652/K01012",3
"map03060","map03060","Protein export","3/98","39/13565",0.00276745890284545,0.0272133458779803,0.0223338788650686,"K03072/K03076/K03101",3
"map00520","map00520","Amino sugar and nucleotide sugar metabolism","5/98","156/13565",0.00543248133002184,0.0457880569244698,0.0375780663430082,"K00075/K00790/K00847/K01207/K01788",5
"map00550","map00550","Peptidoglycan biosynthesis","3/98","53/13565",0.00659581362439037,0.048644125479879,0.0399220298318365,"K00075/K00790/K01924",3
"map01230","map01230","Biosynthesis of amino acids","6/98","238/13565",0.0075380338452411,0.0494159996521361,0.0405555037287825,"K00145/K00549/K01693/K01755/K01803/K01814",6
