"","ID","Description","GeneRatio","BgRatio","pvalue","p.adjust","qvalue","geneID","Count"
"GO:0003735","GO:0003735","structural constituent of ribosome","26/60","55/2107",2.83488656888446e-28,1.64423420995299e-26,1.52188647382218e-26,"K02871/K02874/K02876/K02878/K02879/K02881/K02886/K02887/K02890/K02892/K02895/K02897/K02904/K02906/K02926/K02931/K02933/K02946/K02952/K02956/K02961/K02965/K02982/K02988/K02992/K02994",26
"GO:0019843","GO:0019843","rRNA binding","20/60","35/2107",9.24206012159255e-24,2.68019743526184e-22,2.48076350632221e-22,"K02874/K02876/K02878/K02881/K02886/K02887/K02890/K02892/K02895/K02906/K02926/K02931/K02933/K02952/K02956/K02961/K02965/K02982/K02992/K02994",20
"GO:0005198","GO:0005198","structural molecule activity","19/60","40/2107",1.68744483703205e-20,3.26239335159529e-19,3.01963812942577e-19,"K02871/K02874/K02876/K02878/K02879/K02886/K02887/K02890/K02892/K02906/K02926/K02931/K02933/K02946/K02961/K02965/K02982/K02992/K02994",19
"GO:0003723","GO:0003723","RNA binding","16/60","84/2107",3.53712144802329e-10,5.12882609963377e-09,4.74718931182073e-09,"2607589541/2607589542/K00986/K02871/K02874/K02878/K02881/K02886/K02895/K02931/K02946/K02952/K02965/K02982/K02988/K02992",16
"GO:0000049","GO:0000049","tRNA binding","5/60","20/2107",0.000176731430957898,0.00205008459911162,0.00189753746923217,"K02878/K02931/K02946/K02952/K02992",5
"GO:0003729","GO:0003729","mRNA binding","3/60","9/2107",0.00163298600145286,0.0157855313473777,0.0146109273814203,"K02871/K02982/K02992",3
"GO:0003676","GO:0003676","nucleic acid binding","12/60","170/2107",0.00233114603482637,0.0193152100028471,0.0178779620716008,"2607589541/2607589542/K00986/K02871/K02874/K02878/K02881/K02886/K02931/K02952/K02992/K21900",12
