"","ID","Description","GeneRatio","BgRatio","pvalue","p.adjust","qvalue","geneID","Count"
"map00982","map00982","Drug metabolism - cytochrome P450","2/16","25/13565",0.000385168848393903,0.0142512473905744,0.00973058143310912,"K00485/K00799",2
"map00195","map00195","Photosynthesis","2/16","63/13565",0.00244279167842849,0.0451916460509271,0.0308563159380441,"K02703/K02705",2
