"","ID","Description","GeneRatio","BgRatio","pvalue","p.adjust","qvalue","geneID","Count"
"GO:0003735","GO:0003735","structural constituent of ribosome","26/46","55/1180",8.77182634689267e-26,4.38591317344634e-24,3.97040560964616e-24,"K02871/K02874/K02876/K02878/K02879/K02881/K02886/K02887/K02890/K02892/K02895/K02897/K02904/K02906/K02916/K02926/K02931/K02933/K02946/K02956/K02961/K02965/K02982/K02988/K02992/K02994",26
"GO:0005198","GO:0005198","structural molecule activity","20/46","38/1180",1.33007251905169e-20,3.32518129762923e-19,3.01016412206435e-19,"K02871/K02874/K02876/K02878/K02879/K02886/K02887/K02890/K02892/K02906/K02916/K02926/K02931/K02933/K02946/K02961/K02965/K02982/K02992/K02994",20
"GO:0019843","GO:0019843","rRNA binding","18/46","33/1180",7.65152254196218e-19,1.2752537569937e-17,1.15444024317324e-17,"K02874/K02876/K02878/K02881/K02886/K02887/K02890/K02892/K02895/K02926/K02931/K02933/K02956/K02961/K02965/K02982/K02992/K02994",18
"GO:0003723","GO:0003723","RNA binding","13/46","71/1180",9.49183839884525e-07,1.18647979985566e-05,1.07407645039565e-05,"K00986/K02871/K02874/K02878/K02881/K02886/K02895/K02931/K02946/K02965/K02982/K02988/K02992",13
"GO:0003729","GO:0003729","mRNA binding","3/46","7/1180",0.00174090855371534,0.0174090855371534,0.0157598037494231,"K02871/K02982/K02992",3
"GO:0000049","GO:0000049","tRNA binding","4/46","17/1180",0.0033193521994286,0.0276612683285717,0.0250407271184965,"K02878/K02931/K02946/K02992",4
"GO:0003676","GO:0003676","nucleic acid binding","9/46","88/1180",0.00522772728751382,0.0373409091965273,0.0338033493779089,"K00986/K02871/K02874/K02878/K02881/K02886/K02931/K02992/K21900",9
