"","ID","Description","GeneRatio","BgRatio","pvalue","p.adjust","qvalue","geneID","Count"
"ko03010","ko03010","Ribosome","26/50","53/917",3.16208784926969e-22,8.22142840810121e-21,7.98843246131291e-21,"K02871/K02874/K02876/K02878/K02879/K02881/K02886/K02887/K02890/K02892/K02895/K02897/K02904/K02906/K02916/K02926/K02931/K02933/K02946/K02956/K02961/K02965/K02982/K02988/K02992/K02994",26
"ko00196","ko00196","Photosynthesis - antenna proteins","5/50","20/917",0.00327929569379787,0.0426308440193723,0.0414226824479731,"K02092/K02093/K02094/K02284/K05377",5
