"","ID","Description","GeneRatio","BgRatio","pvalue","p.adjust","qvalue","geneID","Count"
"GO:0016168","GO:0016168","chlorophyll binding","3/41","7/2107",0.000226949281934597,0.0155063725805347,0.0155063725805347,"isiA/K02703/K02705",3
"GO:0050661","GO:0050661","NADP binding","4/41","19/2107",0.000387659314513367,0.0155063725805347,0.0155063725805347,"2607588601/K00020/K00485/K11752",4
