"","ID","Description","GeneRatio","BgRatio","pvalue","p.adjust","qvalue","geneID","Count"
"GO:0015979","GO:0015979","photosynthesis","6/32","51/1630",0.000338449259878029,0.047044447123046,0.047044447123046,"K02097/K02689/K02690/K02691/K02693/K02694",6
