"","ID","Description","GeneRatio","BgRatio","pvalue","p.adjust","qvalue","geneID","Count"
"GO:0006412","GO:0006412","translation","9/29","88/1076",0.000279404727243145,0.0388372570867972,0.0388372570867972,"K01874/K02433/K02888/K02945/K02952/K02967/K02996/K05808/K19032",9
