"","ID","Description","GeneRatio","BgRatio","pvalue","p.adjust","qvalue","geneID","Count"
"GO:0042592","GO:0042592","homeostatic process","6/62","20/1630",6.06752283890224e-05,0.0138946273010861,0.0135401562299713,"2607587965/K00383/K03386/K03564/K03688/K17686",6
"GO:0065008","GO:0065008","regulation of biological quality","6/62","25/1630",0.000238693868791039,0.027330447976574,0.0266332106230002,"2607587965/K00383/K03386/K03564/K03688/K17686",6
