"","ID","Description","GeneRatio","BgRatio","pvalue","p.adjust","qvalue","geneID","Count"
"GO:0009522","GO:0009522","photosystem I","5/26","12/759",2.13323087116674e-05,0.000511975409080018,0.000381736050629838,"K02689/K02690/K02691/K02694/K02696",5
"GO:0015935","GO:0015935","small ribosomal subunit","4/26","20/759",0.00361940151311801,0.0434328181574161,0.0323841188015822,"K02952/K02967/K02996/K05808",4
