"","ID","Description","GeneRatio","BgRatio","pvalue","p.adjust","qvalue","geneID","Count"
"GO:0042592","GO:0042592","homeostatic process","5/41","16/1076",0.000201123991627596,0.0376101864343604,0.0355671900983538,"K00383/K03386/K03564/K03688/K17686",5
"GO:0006979","GO:0006979","response to oxidative stress","4/41","11/1076",0.000494731504600248,0.0462573956801232,0.0437446804067588,"K00383/K03386/K03564/K03688",4
