"","ID","Description","GeneRatio","BgRatio","pvalue","p.adjust","qvalue","geneID","Count"
"GO:0051536","GO:0051536","iron-sulfur cluster binding","10/79","29/1180",7.27656915045289e-06,0.000567572393735326,0.000543827799665427,"K01012/K01682/K02585/K02586/K02591/K04034/K06941/K13819/K22074/K23548",10
