"","ID","Description","GeneRatio","BgRatio","pvalue","p.adjust","qvalue","geneID","Count"
"GO:0009399","GO:0009399","nitrogen fixation","8/76","8/1076",4.34307104217842e-10,9.29417203026182e-08,9.29417203026182e-08,"K02586/K02588/K02591/K02592/K02593/K02595/K02596/K02597",8
