"","ID","Description","GeneRatio","BgRatio","pvalue","p.adjust","qvalue","geneID","Count"
"GO:0005975","GO:0005975","carbohydrate metabolic process","27/254","86/1630",0.000119212459859624,0.0424396357100262,0.0410341835516812,"2607585250/2607585597/2607586619/2607588243/2607589249/2607589484/2607589891/K00033/K00134/K00616/K00688/K00700/K00855/K00864/K01057/K01214/K01624/K01689/K01790/K01792/K02563/K03431/K06888/K07106/K15633/K16150/K17108",27
