"","ID","Description","GeneRatio","BgRatio","pvalue","p.adjust","qvalue","geneID","Count"
"map01240","map01240","Biosynthesis of cofactors","5/23","375/13565",0.000350650558088479,0.00774370018385873,0.00518716758727379,"K00652/K02188/K02495/K03179/K13799",5
"map00561","map00561","Glycerolipid metabolism","3/23","91/13565",0.000469315162658105,0.00774370018385873,0.00518716758727379,"K01046/K03621/K08591",3
"map00860","map00860","Porphyrin metabolism","3/23","139/13565",0.00160464473264897,0.0176510920591386,0.011823698030045,"K02188/K02495/K04040",3
"map00520","map00520","Amino sugar and nucleotide sugar metabolism","3/23","156/13565",0.00223147173267529,0.0184096417945711,0.0123318174700476,"K00847/K01207/K01788",3
"map03420","map03420","Nucleotide excision repair","2/23","47/13565",0.00283803959499442,0.0187310613269632,0.0125471224199753,"K03657/K03723",2
"map00220","map00220","Arginine biosynthesis","2/23","60/13565",0.00458519348964274,0.0252185641930351,0.0168928181197364,"K00145/K01755",2
"map01230","map01230","Biosynthesis of amino acids","3/23","238/13565",0.00728752510370889,0.0343554754889133,0.023013237169607,"K00145/K01755/K22305",3
