"","ID","Description","GeneRatio","BgRatio","pvalue","p.adjust","qvalue","geneID","Count"
"GO:0009399","GO:0009399","nitrogen fixation","8/92","9/1630",6.5785091780438e-10,1.58542071190856e-07,1.43342252616323e-07,"K02586/K02587/K02588/K02591/K02593/K02595/K02596/K02597",8
