"","ID","Description","GeneRatio","BgRatio","pvalue","p.adjust","qvalue","geneID","Count"
"GO:0051536","GO:0051536","iron-sulfur cluster binding","11/110","47/2107",1.69726272007342e-05,0.00199596500822296,0.00197637926773192,"2607588937/K01012/K01682/K02585/K02586/K02591/K04034/K06941/K13819/K22074/K23548",11
"GO:0016163","GO:0016163","nitrogenase activity","4/110","5/2107",3.38299153936094e-05,0.00199596500822296,0.00197637926773192,"K02586/K02587/K02588/K02591",4
"GO:0051539","GO:0051539","4 iron, 4 sulfur cluster binding","7/110","32/2107",0.000992419298661565,0.0390351590806882,0.0386521200531346,"K01012/K01682/K02585/K02588/K04037/K04038/K06941",7
