"","ID","Description","GeneRatio","BgRatio","pvalue","p.adjust","qvalue","geneID","Count"
"ko01120","ko01120","Microbial metabolism in diverse environments","28/121","117/917",0.000478012051194187,0.0411090364027001,0.0387441346757394,"K00003/K00033/K00104/K00128/K00135/K00239/K00284/K00392/K00600/K00615/K00616/K00640/K00928/K01595/K01601/K01624/K01689/K01698/K01733/K01738/K01792/K02510/K02586/K02588/K11473/K11781/K15633/K19837",28
