"","ID","Description","GeneRatio","BgRatio","pvalue","p.adjust","qvalue","geneID","Count"
"GO:0003735","GO:0003735","structural constituent of ribosome","44/272","55/1180",5.5291206417676e-20,9.01246664608118e-18,8.67198921708813e-18,"K02863/K02864/K02867/K02871/K02874/K02876/K02878/K02879/K02881/K02886/K02887/K02888/K02890/K02892/K02895/K02897/K02899/K02904/K02906/K02909/K02913/K02916/K02919/K02926/K02931/K02933/K02945/K02946/K02948/K02950/K02952/K02956/K02961/K02963/K02965/K02967/K02968/K02970/K02982/K02988/K02992/K02994/K02996/K19032",44
"GO:0019843","GO:0019843","rRNA binding","28/272","33/1180",3.53548951426704e-14,2.88142395412764e-12,2.77256809276731e-12,"K02518/K02863/K02867/K02874/K02876/K02878/K02881/K02886/K02887/K02890/K02892/K02895/K02909/K02926/K02931/K02933/K02948/K02950/K02952/K02956/K02961/K02963/K02965/K02968/K02982/K02992/K02994/K03595",28
"GO:0005198","GO:0005198","structural molecule activity","30/272","38/1180",1.64961118685475e-13,8.96288744857747e-12,8.62428304706518e-12,"K02864/K02867/K02871/K02874/K02876/K02878/K02879/K02886/K02887/K02888/K02890/K02892/K02899/K02906/K02916/K02926/K02931/K02933/K02945/K02946/K02948/K02950/K02961/K02963/K02965/K02967/K02982/K02992/K02994/K02996",30
"GO:0003723","GO:0003723","RNA binding","36/272","71/1180",1.3689130748972e-07,5.57832078020608e-06,5.36758021472849e-06,"K00986/K01866/K02356/K02518/K02520/K02533/K02863/K02867/K02871/K02874/K02878/K02881/K02886/K02888/K02895/K02931/K02945/K02946/K02948/K02952/K02963/K02965/K02968/K02982/K02988/K02992/K02996/K03216/K03437/K03470/K03595/K06173/K06178/K06346/K06442/K06960",36
"GO:0043021","GO:0043021","ribonucleoprotein complex binding","8/272","12/1180",0.0014954894601536,0.0487529564010074,0.0469111430658708,"K02518/K02520/K02834/K02838/K03595/K03665/K05808/K09710",8
