"","ID","Description","GeneRatio","BgRatio","pvalue","p.adjust","qvalue","geneID","Count"
"ko01120","ko01120","Microbial metabolism in diverse environments","37/174","117/917",0.000298476620233489,0.0277583256817145,0.0248206873667849,"K00003/K00033/K00036/K00104/K00128/K00135/K00239/K00284/K00392/K00600/K00615/K00616/K00640/K00845/K00873/K00928/K01428/K01595/K01601/K01623/K01624/K01647/K01689/K01698/K01733/K01738/K01792/K01895/K02510/K02586/K02588/K03841/K11473/K11781/K15633/K15982/K19837",37
