"","ID","Description","GeneRatio","BgRatio","pvalue","p.adjust","qvalue","geneID","Count"
"GO:0006412","GO:0006412","translation","53/279","88/1076",1.11934869338701e-12,3.77220509671422e-10,3.68795937926456e-10,"K01056/K01868/K01874/K02433/K02838/K02863/K02864/K02867/K02871/K02874/K02876/K02878/K02879/K02881/K02886/K02887/K02888/K02890/K02892/K02895/K02897/K02899/K02904/K02906/K02909/K02913/K02916/K02919/K02926/K02931/K02933/K02945/K02946/K02948/K02950/K02952/K02956/K02961/K02963/K02965/K02967/K02968/K02970/K02982/K02988/K02992/K02994/K02996/K03076/K05808/K09710/K09748/K19032",53
"GO:0015979","GO:0015979","photosynthesis","29/279","47/1076",1.28267423627078e-07,2.16130608811626e-05,2.11303703133028e-05,"K02092/K02093/K02094/K02097/K02284/K02634/K02635/K02636/K02689/K02690/K02691/K02693/K02694/K02696/K02697/K02699/K02700/K02707/K02708/K02710/K02711/K02713/K02718/K02719/K02720/K02723/K05377/K05378/K10960",29
