"","ID","Description","GeneRatio","BgRatio","pvalue","p.adjust","qvalue","geneID","Count"
"ko03010","ko03010","Ribosome","43/232","53/917",1.65250830192495e-18,1.32200664153996e-16,1.30461181730918e-16,"K02863/K02864/K02867/K02871/K02874/K02876/K02878/K02879/K02881/K02886/K02887/K02888/K02890/K02892/K02895/K02897/K02899/K02904/K02906/K02909/K02913/K02916/K02919/K02926/K02931/K02933/K02945/K02946/K02948/K02950/K02952/K02956/K02961/K02963/K02965/K02967/K02968/K02970/K02982/K02988/K02992/K02994/K02996",43
"ko00195","ko00195","Photosynthesis","28/232","48/917",5.78955813973298e-07,2.31582325589319e-05,2.28535189726302e-05,"K02108/K02109/K02113/K02114/K02115/K02634/K02635/K02636/K02689/K02690/K02691/K02693/K02694/K02696/K02697/K02699/K02700/K02707/K02708/K02710/K02711/K02713/K02718/K02719/K02720/K02723/K08902/K08906",28
