"","ID","Description","GeneRatio","BgRatio","pvalue","p.adjust","qvalue","geneID","Count"
"GO:0003735","GO:0003735","structural constituent of ribosome","43/465","55/2107",3.7851068460277e-19,7.38095834975401e-17,6.85303555280804e-17,"K02863/K02864/K02867/K02871/K02874/K02876/K02878/K02879/K02881/K02886/K02887/K02888/K02890/K02892/K02895/K02897/K02899/K02904/K02906/K02909/K02913/K02916/K02926/K02931/K02933/K02945/K02946/K02948/K02950/K02952/K02956/K02961/K02963/K02965/K02967/K02968/K02970/K02982/K02988/K02992/K02994/K02996/K19032",43
"GO:0019843","GO:0019843","rRNA binding","30/465","35/2107",1.01841538571705e-15,9.92955001074122e-14,9.21933928122801e-14,"K02518/K02863/K02867/K02874/K02876/K02878/K02881/K02886/K02887/K02888/K02890/K02892/K02895/K02906/K02909/K02926/K02931/K02933/K02948/K02950/K02952/K02956/K02961/K02963/K02965/K02968/K02982/K02992/K02994/K03595",30
"GO:0005198","GO:0005198","structural molecule activity","30/465","40/2107",8.55474871688269e-13,5.56058666597375e-11,5.16286589229412e-11,"K02864/K02867/K02871/K02874/K02876/K02878/K02879/K02886/K02887/K02888/K02890/K02892/K02899/K02906/K02916/K02926/K02931/K02933/K02945/K02946/K02948/K02950/K02961/K02963/K02965/K02967/K02982/K02992/K02994/K02996",30
"GO:0003723","GO:0003723","RNA binding","41/465","84/2107",3.06543786316934e-08,1.49440095829505e-06,1.38751398017138e-06,"2607587577/2607589541/2607589542/2607589569/K00986/K02356/K02518/K02520/K02533/K02863/K02867/K02871/K02874/K02878/K02881/K02886/K02888/K02895/K02931/K02945/K02946/K02948/K02952/K02963/K02965/K02968/K02982/K02988/K02992/K02996/K03216/K03437/K03470/K03595/K03625/K03685/K06173/K06178/K06346/K06442/K06960",41
"GO:0043021","GO:0043021","ribonucleoprotein complex binding","9/465","13/2107",0.000350902447825724,0.0136851954652032,0.0127063623212683,"2607587577/K02518/K02520/K02834/K02838/K03595/K03665/K05808/K09710",9
