"","ID","Description","GeneRatio","BgRatio","pvalue","p.adjust","qvalue","geneID","Count"
"GO:0030313","GO:0030313","cell envelope","12/239","20/1033",0.000382046533153707,0.024061174533895,0.0216617222258058,"2607584988/2607586305/2607587339/2607588070/2607588747/2607589336/2607589622/K01448/K02012/K02020/K02035/K03797",12
"GO:0031975","GO:0031975","envelope","15/239","29/1033",0.000633188803523553,0.024061174533895,0.0216617222258058,"2607584988/2607586305/2607587339/2607588070/2607588747/2607589336/2607589622/K01448/K02012/K02020/K02035/K02703/K02706/K03797/K05575",15
