"","ID","Description","GeneRatio","BgRatio","pvalue","p.adjust","qvalue","geneID","Count"
"GO:0006412","GO:0006412","translation","54/411","92/1630",2.0366264192621e-12,7.96320929931481e-10,7.41760780068091e-10,"2607587577/K01056/K01426/K01868/K01874/K02433/K02838/K02863/K02864/K02867/K02871/K02874/K02876/K02878/K02879/K02881/K02886/K02887/K02888/K02890/K02892/K02895/K02897/K02899/K02904/K02906/K02909/K02913/K02916/K02926/K02931/K02933/K02945/K02946/K02948/K02950/K02952/K02956/K02961/K02963/K02965/K02967/K02968/K02970/K02982/K02988/K02992/K02994/K02996/K03076/K05808/K09710/K09748/K19032",54
"GO:0015979","GO:0015979","photosynthesis","29/411","51/1630",9.9809057786036e-07,0.0001951267079717,0.000181757547336676,"2607585806/2607586627/2607587007/2607588155/K02092/K02093/K02096/K02097/K02284/K02634/K02635/K02636/K02689/K02690/K02691/K02693/K02694/K02697/K02699/K02707/K02711/K02713/K02719/K02720/K02723/K02724/K05377/K05378/K10960",29
