"","ID","Description","GeneRatio","BgRatio","pvalue","p.adjust","qvalue","geneID","Count"
"GO:0003735","GO:0003735","structural constituent of ribosome","37/132","55/1180",1.30839427600757e-24,1.81866804365052e-22,1.72157141579944e-22,"K02863/K02864/K02867/K02871/K02874/K02876/K02878/K02879/K02881/K02886/K02887/K02888/K02890/K02892/K02895/K02897/K02899/K02904/K02906/K02913/K02916/K02919/K02926/K02931/K02933/K02935/K02946/K02948/K02950/K02952/K02965/K02967/K02982/K02988/K02992/K02994/K02996",37
"GO:0005198","GO:0005198","structural molecule activity","28/132","38/1180",2.75709255188145e-20,1.91617932355761e-18,1.81387667886937e-18,"K02864/K02867/K02871/K02874/K02876/K02878/K02879/K02886/K02887/K02888/K02890/K02892/K02899/K02906/K02916/K02926/K02931/K02933/K02946/K02948/K02950/K02965/K02967/K02982/K02992/K02994/K02996/K23262",28
"GO:0019843","GO:0019843","rRNA binding","22/132","33/1180",1.52034588146502e-14,7.04426925078792e-13,6.66818369063604e-13,"K02518/K02863/K02867/K02874/K02876/K02878/K02881/K02886/K02887/K02890/K02892/K02895/K02926/K02931/K02933/K02948/K02950/K02952/K02965/K02982/K02992/K02994",22
"GO:0003723","GO:0003723","RNA binding","23/132","71/1180",5.61276252098733e-07,1.9504349760431e-05,1.84630346085109e-05,"K01866/K02356/K02518/K02863/K02867/K02871/K02874/K02878/K02881/K02886/K02888/K02895/K02931/K02946/K02948/K02952/K02965/K02982/K02988/K02992/K02996/K06173/K06178",23
"GO:0000049","GO:0000049","tRNA binding","7/132","17/1180",0.00139341371989373,0.0387369014130457,0.0366687821024666,"K02863/K02878/K02931/K02946/K02950/K02952/K02992",7
