"","ID","Description","GeneRatio","BgRatio","pvalue","p.adjust","qvalue","geneID","Count"
"GO:0003735","GO:0003735","structural constituent of ribosome","33/172","55/2107",1.75197214854529e-23,2.68051738727429e-21,2.54497006841315e-21,"K02863/K02864/K02871/K02874/K02876/K02878/K02879/K02881/K02886/K02887/K02890/K02892/K02895/K02897/K02904/K02906/K02913/K02916/K02926/K02931/K02933/K02946/K02948/K02950/K02952/K02956/K02961/K02965/K02982/K02988/K02990/K02992/K02994",33
"GO:0019843","GO:0019843","rRNA binding","26/172","35/2107",3.06394323607005e-22,2.34391657559359e-20,2.22539035040877e-20,"K02518/K02863/K02874/K02876/K02878/K02881/K02886/K02887/K02890/K02892/K02895/K02906/K02926/K02931/K02933/K02948/K02950/K02952/K02956/K02961/K02965/K02982/K02990/K02992/K02994/K03595",26
"GO:0005198","GO:0005198","structural molecule activity","24/172","40/2107",3.2881958510275e-17,1.67697988402403e-15,1.59217904365542e-15,"K02864/K02871/K02874/K02876/K02878/K02879/K02886/K02887/K02890/K02892/K02906/K02916/K02926/K02931/K02933/K02946/K02948/K02950/K02961/K02965/K02982/K02990/K02992/K02994",24
"GO:0003723","GO:0003723","RNA binding","25/172","84/2107",2.69217324541559e-09,1.02975626637146e-07,9.77683968071978e-08,"2607589541/2607589542/K00986/K01866/K02518/K02837/K02863/K02871/K02874/K02878/K02881/K02886/K02895/K02931/K02946/K02948/K02952/K02965/K02982/K02988/K02990/K02992/K03437/K03595/K06173",25
"GO:0000049","GO:0000049","tRNA binding","8/172","20/2107",9.02109065422301e-05,0.00276045374019224,0.00262086423217426,"K01889/K02863/K02878/K02931/K02946/K02950/K02952/K02992",8
