"","ID","Description","GeneRatio","BgRatio","pvalue","p.adjust","qvalue","geneID","Count"
"ko03010","ko03010","Ribosome","32/111","53/917",2.53703340598434e-18,1.52222004359061e-16,1.52222004359061e-16,"K02863/K02864/K02871/K02874/K02876/K02878/K02879/K02881/K02886/K02887/K02890/K02892/K02895/K02897/K02904/K02906/K02911/K02916/K02919/K02926/K02931/K02933/K02946/K02948/K02950/K02956/K02961/K02965/K02982/K02988/K02992/K02994",32
"ko00196","ko00196","Photosynthesis - antenna proteins","13/111","20/917",2.31528639371169e-08,6.94585918113508e-07,6.94585918113508e-07,"K02092/K02093/K02094/K02284/K02288/K02289/K05377/K05378/K05380/K05381/K05383/K05384/K05386",13
