"","ID","Description","GeneRatio","BgRatio","pvalue","p.adjust","qvalue","geneID","Count"
"ko00906","ko00906","Carotenoid biosynthesis","5/68","9/917",0.000193921363964843,0.0116352818378906,0.0104105153286389,"K00514/K02291/K02293/K02294/K09835",5
"ko00010","ko00010","Glycolysis / Gluconeogenesis","7/68","24/917",0.00113665570872365,0.0340996712617096,0.0305102321815296,"K00845/K00873/K01007/K01623/K01810/K01895/K03841",7
