"","ID","Description","GeneRatio","BgRatio","pvalue","p.adjust","qvalue","geneID","Count"
"GO:0016151","GO:0016151","nickel cation binding","6/178","11/2107",0.00010806707968556,0.0164261961122052,0.0161531845424732,"K01428/K01430/K03187/K03188/K03189/K03190",6
"GO:0016877","GO:0016877","ligase activity, forming carbon-sulfur bonds","4/178","6/2107",0.000645965608291883,0.0490933862301831,0.0482774296723408,"2607587481/2607588597/K01895/K01902",4
