"","ID","Description","GeneRatio","BgRatio","pvalue","p.adjust","qvalue","geneID","Count"
"map03010","map03010","Ribosome","33/113","143/13565",2.04789618948394e-39,1.49496421832328e-37,1.2718513176795e-37,"K02863/K02864/K02871/K02874/K02876/K02878/K02879/K02881/K02886/K02887/K02890/K02892/K02895/K02897/K02904/K02906/K02913/K02916/K02926/K02931/K02933/K02946/K02948/K02950/K02952/K02956/K02961/K02965/K02982/K02988/K02990/K02992/K02994",33
"map00196","map00196","Photosynthesis - antenna proteins","12/113","42/13565",5.50806962996838e-16,2.01044541493846e-14,1.71040056930597e-14,"K02092/K02093/K02096/K02284/K02288/K02289/K05377/K05378/K05380/K05381/K05383/K05386",12
"map00860","map00860","Porphyrin metabolism","10/113","139/13565",2.33331244476788e-07,5.67772694893516e-06,4.83036611372999e-06,"K01599/K02492/K03403/K03428/K03795/K04035/K04039/K05369/K10960/K21480",10
"map01240","map01240","Biosynthesis of cofactors","14/113","375/13565",2.73811688215072e-06,4.99706330992507e-05,4.25128673807612e-05,"K00208/K00609/K00939/K01599/K01756/K01937/K01939/K02492/K02552/K03179/K03644/K03795/K05979/K13799",14
"map00195","map00195","Photosynthesis","6/113","63/13565",1.35007246910719e-05,0.000197110580489649,0.000167693211952261,"K02634/K02636/K02699/K02720/K02724/K08906",6
"map01232","map01232","Nucleotide metabolism","7/113","123/13565",7.40587800949128e-05,0.000901048491154772,0.000766573337824536,"K00524/K00856/K00939/K01756/K01937/K01939/K13799",7
"map03060","map03060","Protein export","4/113","39/13565",0.000299892966150782,0.00312745521842959,0.00266070451171371,"K03072/K03073/K03076/K03116",4
"map00970","map00970","Aminoacyl-tRNA biosynthesis","4/113","66/13565",0.00221180620596042,0.0201827316293888,0.0171706008094296,"K01866/K01874/K01878/K01889",4
"map03070","map03070","Bacterial secretion system","4/113","74/13565",0.00335606583131215,0.0272214228539763,0.0231588168476511,"K03072/K03073/K03076/K03116",4
