"","ID","Description","GeneRatio","BgRatio","pvalue","p.adjust","qvalue","geneID","Count"
"GO:0003735","GO:0003735","structural constituent of ribosome","41/163","55/1180",4.2587400448386e-26,4.72720144977085e-24,4.57254194287934e-24,"K02871/K02874/K02876/K02878/K02879/K02881/K02884/K02886/K02887/K02888/K02890/K02892/K02895/K02897/K02902/K02904/K02906/K02911/K02916/K02926/K02931/K02933/K02935/K02939/K02945/K02946/K02952/K02954/K02956/K02959/K02961/K02965/K02967/K02982/K02986/K02988/K02990/K02992/K02994/K02996/K19032",41
"GO:0005198","GO:0005198","structural molecule activity","30/163","38/1180",2.57307051535273e-20,1.42805413602077e-18,1.38133259245252e-18,"K02871/K02874/K02876/K02878/K02879/K02884/K02886/K02887/K02888/K02890/K02892/K02902/K02906/K02916/K02926/K02931/K02933/K02945/K02946/K02954/K02959/K02961/K02965/K02967/K02982/K02986/K02990/K02992/K02994/K02996",30
"GO:0019843","GO:0019843","rRNA binding","24/163","33/1180",6.3334080315167e-15,2.34336097166118e-13,2.26669340075335e-13,"K02874/K02876/K02878/K02881/K02886/K02887/K02890/K02892/K02895/K02926/K02931/K02933/K02939/K02952/K02954/K02956/K02961/K02965/K02982/K02986/K02990/K02992/K02994/K06941",24
"GO:0003723","GO:0003723","RNA binding","23/163","71/1180",2.70060815715243e-05,0.000749418763609799,0.000724900084288283,"K00986/K02600/K02837/K02871/K02874/K02878/K02881/K02886/K02888/K02895/K02931/K02945/K02946/K02952/K02965/K02982/K02986/K02988/K02990/K02992/K02996/K06180/K12573",23
"GO:0051539","GO:0051539","4 iron, 4 sulfur cluster binding","11/163","28/1180",0.000647098998306516,0.0143655977624046,0.013895599542582,"K01012/K01682/K02585/K02588/K02689/K02690/K02691/K03644/K04037/K04039/K06941",11
"GO:0051536","GO:0051536","iron-sulfur cluster binding","11/163","29/1180",0.000919016175426293,0.0170017992453864,0.0164455526128916,"K01012/K01682/K02585/K02586/K02591/K03644/K04034/K06941/K13819/K22074/K23548",11
"GO:0016636","GO:0016636","oxidoreductase activity, acting on the CH-CH group of donors, iron-sulfur protein as acceptor","4/163","5/1180",0.00157248413764861,0.024935105611285,0.0241193055699486,"K04037/K04039/K05369/K05371",4
