"","ID","Description","GeneRatio","BgRatio","pvalue","p.adjust","qvalue","geneID","Count"
"GO:0051085","GO:0051085","chaperone cofactor-dependent protein refolding","4/67","5/1076",6.57572183074431e-05,0.00769952455937205,0.00755781551840202,"K04043/K04077/K04078/K05516",4
"GO:0006457","GO:0006457","protein folding","6/67","14/1076",9.44726939800252e-05,0.00769952455937205,0.00755781551840202,"K03187/K04043/K04077/K04078/K04079/K05516",6
"GO:0006458","GO:0006458","'de novo' protein folding","4/67","6/1076",0.000188008880331875,0.0102151491646986,0.0100271402843667,"K04043/K04077/K04078/K05516",4
"GO:0061077","GO:0061077","chaperone-mediated protein folding","4/67","7/1076",0.00041811621427319,0.0170382357316325,0.0167246485709276,"K04043/K04077/K04078/K05516",4
