"","ID","Description","GeneRatio","BgRatio","pvalue","p.adjust","qvalue","geneID","Count"
"GO:0140662","GO:0140662","ATP-dependent protein folding chaperone","4/76","5/1180",7.59052317945632e-05,0.00918453304714214,0.00838952561939909,"K04043/K04077/K04078/K04079",4
"GO:0051082","GO:0051082","unfolded protein binding","5/76","11/1180",0.000331383760841159,0.0200487175308901,0.0183133130991167,"K04043/K04077/K04078/K04079/K05516",5
