"","ID","Description","GeneRatio","BgRatio","pvalue","p.adjust","qvalue","geneID","Count"
"GO:0140662","GO:0140662","ATP-dependent protein folding chaperone","8/160","11/2107",1.26777120750892e-07,1.990400795789e-05,1.76153473043344e-05,"2607585529/2607586305/2607586306/2607586307/K04043/K04077/K04078/K04079",8
"GO:0051082","GO:0051082","unfolded protein binding","6/160","13/2107",0.000191652677229949,0.015044735162551,0.0133148175759754,"2607586306/K04043/K04077/K04078/K04079/K05516",6
