"","ID","Description","GeneRatio","BgRatio","pvalue","p.adjust","qvalue","geneID","Count"
"ko03010","ko03010","Ribosome","40/151","53/917",5.56750924287951e-23,3.84158137758686e-21,3.75074306888725e-21,"K02871/K02874/K02876/K02878/K02879/K02881/K02884/K02886/K02887/K02888/K02890/K02892/K02895/K02897/K02902/K02904/K02906/K02911/K02916/K02926/K02931/K02933/K02935/K02939/K02945/K02946/K02952/K02954/K02956/K02959/K02961/K02965/K02967/K02982/K02986/K02988/K02990/K02992/K02994/K02996",40
"ko00196","ko00196","Photosynthesis - antenna proteins","12/151","20/917",1.01147631104366e-05,0.000348959327310062,0.000340707810035759,"K02092/K02093/K02094/K02096/K02097/K02284/K02285/K05376/K05377/K05380/K05384/K05385",12
