"","ID","Description","GeneRatio","BgRatio","pvalue","p.adjust","qvalue","geneID","Count"
"GO:0051085","GO:0051085","chaperone cofactor-dependent protein refolding","5/124","8/1630",0.000109558280394087,0.0179817376067529,0.0168972280198988,"2607586306/K04043/K04077/K04078/K05516",5
"GO:0006457","GO:0006457","protein folding","7/124","18/1630",0.000195787774057519,0.0179817376067529,0.0168972280198988,"2607586306/K03187/K04043/K04077/K04078/K04079/K05516",7
"GO:0006458","GO:0006458","'de novo' protein folding","5/124","9/1630",0.000231524518541882,0.0179817376067529,0.0168972280198988,"2607586306/K04043/K04077/K04078/K05516",5
"GO:0061077","GO:0061077","chaperone-mediated protein folding","5/124","11/1630",0.000749079988899827,0.0436339093534149,0.0410022730766221,"2607586306/K04043/K04077/K04078/K05516",5
