"","ID","Description","GeneRatio","BgRatio","pvalue","p.adjust","qvalue","geneID","Count"
"GO:0003735","GO:0003735","structural constituent of ribosome","39/216","55/2107",7.13223083771761e-28,1.0127767789559e-25,9.83497094464219e-26,"K02871/K02874/K02876/K02878/K02879/K02881/K02884/K02886/K02887/K02888/K02890/K02892/K02895/K02897/K02902/K02904/K02906/K02911/K02926/K02931/K02933/K02935/K02945/K02946/K02952/K02954/K02956/K02959/K02961/K02965/K02967/K02982/K02986/K02988/K02990/K02992/K02994/K02996/K19032",39
"GO:0005198","GO:0005198","structural molecule activity","29/216","40/2107",2.95480151249822e-21,2.09790907387374e-19,2.03725788493298e-19,"K02871/K02874/K02876/K02878/K02879/K02884/K02886/K02887/K02888/K02890/K02892/K02902/K02906/K02926/K02931/K02933/K02945/K02946/K02954/K02959/K02961/K02965/K02967/K02982/K02986/K02990/K02992/K02994/K02996",29
"GO:0019843","GO:0019843","rRNA binding","25/216","35/2107",3.68639559310748e-18,1.74489391407087e-16,1.69444850069151e-16,"K02874/K02876/K02878/K02881/K02886/K02887/K02888/K02890/K02892/K02895/K02906/K02926/K02931/K02933/K02952/K02954/K02956/K02961/K02965/K02982/K02986/K02990/K02992/K02994/K06941",25
"GO:0003723","GO:0003723","RNA binding","26/216","84/2107",7.42916464087881e-08,2.63735344751198e-06,2.56110675777664e-06,"2607585127/2607588784/2607589541/2607589542/K00986/K02600/K02871/K02874/K02878/K02881/K02886/K02888/K02895/K02931/K02945/K02946/K02952/K02965/K02982/K02986/K02988/K02990/K02992/K02996/K06180/K12573",26
"GO:0016636","GO:0016636","oxidoreductase activity, acting on the CH-CH group of donors, iron-sulfur protein as acceptor","5/216","6/2107",5.96999324282641e-05,0.0016954780809627,0.00164646129433739,"K04037/K04038/K04039/K05369/K05371",5
"GO:0051539","GO:0051539","4 iron, 4 sulfur cluster binding","11/216","32/2107",0.000188149696368716,0.00445287614739294,0.00432414214461434,"K01012/K01682/K02585/K02588/K02689/K02690/K02691/K04037/K04038/K04039/K06941",11
"GO:0016163","GO:0016163","nitrogenase activity","4/216","5/2107",0.000495127782043403,0.0100440207214519,0.00975364502972719,"K02586/K02587/K02588/K02591",4
"GO:0051536","GO:0051536","iron-sulfur cluster binding","12/216","47/2107",0.00199935278972564,0.0354885120176302,0.0344625283492183,"2607588937/2607589204/K01012/K01682/K02585/K02586/K02591/K04034/K06941/K13819/K22074/K23548",12
