"","ID","Description","GeneRatio","BgRatio","pvalue","p.adjust","qvalue","geneID","Count"
"map01240","map01240","Biosynthesis of cofactors","9/56","375/13565",2.05736700900942e-05,0.00199564599873914,0.00164589360720753,"K00652/K01495/K01885/K02188/K02495/K02551/K03179/K11752/K13799",9
"map04212","map04212","Longevity regulating pathway - worm","4/56","57/13565",8.74480788783424e-05,0.00424123182559961,0.0034979231551337,"K00799/K04043/K04077/K04564",4
"map00906","map00906","Carotenoid biosynthesis","3/56","56/13565",0.0015821859223535,0.0468162259277328,0.0386113203527693,"K02291/K02293/K02294",3
"map00220","map00220","Arginine biosynthesis","3/56","60/13565",0.00193056601763847,0.0468162259277328,0.0386113203527693,"K00145/K01429/K01755",3
"map00860","map00860","Porphyrin metabolism","4/56","139/13565",0.00256694771853206,0.0475303751855389,0.0392003094313723,"K01885/K02188/K02495/K04040",4
"map01230","map01230","Biosynthesis of amino acids","5/56","238/13565",0.00294002320735292,0.0475303751855389,0.0392003094313723,"K00145/K01623/K01657/K01755/K22305",5
